id,id_client,id_product,qtd,total,sale_date
0,42,105,11,3405.0,2023-10-09
4,20,23,5,55893.0,2023-03-02
5,8,57,4,451403.9,2024-12-02
11,39,128,5,23254.0,2023-07-05
17,43,91,11,1409558.7,2023-05-09
22,29,20,2,61667.0,2024-04-11
32,43,40,11,156024.0,2023-02-11
44,39,81,8,928328.6,2024-03-12
53,2,25,12,145518.0,2024-10-03
71,43,70,5,163188.15,2023-09-09
76,28,18,14,353413.3,2024-07-03
83,17,123,5,13190.75,2023-03-04
86,15,145,8,34799.0,2023-02-06
88,29,147,5,15150.0,2024-11-03
91,23,36,15,339021.0,2023-06-01
102,9,67,9,733495.95,2024-02-02
104,11,24,11,242776.3,2024-02-03
112,37,100,9,894331.9,2024-12-11
114,12,75,5,163842.0,2023-03-05
115,27,85,1,36650.05,2023-08-10
119,46,80,1,129224.0,2023-04-08
134,7,18,7,176706.65,2023-11-01
136,16,70,10,343554.0,2023-02-03
152,27,82,8,413072.0,2023-06-06
159,24,66,15,188574.0,2024-03-07
168,48,7,6,111257.35,2024-05-10
174,42,16,6,180036.0,2023-09-01
178,6,143,6,25288.05,2023-10-07
181,28,127,11,16190.85,2023-02-02
185,39,27,7,115580.0,2023-09-01
187,44,80,2,245525.6,2024-01-09
194,9,52,6,82225.0,2024-07-06
202,27,57,8,950325.0,2023-05-11
207,10,51,15,914265.75,2024-09-01
219,9,115,14,11628.0,2023-11-02
223,18,125,9,29088.05,2023-06-11
230,14,78,5,578367.6,2024-04-08
236,33,113,10,41752.5,2023-08-01
245,12,55,7,769910.0,2024-10-07
252,15,70,1,34355.0,2024-12-10
260,3,59,1,87166.0,2024-03-01
265,15,64,12,1338067.0,2024-12-01
272,6,106,8,33325.05,2023-10-05
276,41,110,10,23707.25,2023-12-12
277,9,55,1,104487.65,2023-05-11
279,1,71,12,1562089.0,2023-08-11
281,16,33,13,87305.0,2023-04-09
287,3,42,5,28465.8,2023-05-11
288,23,138,2,7947.7,2024-10-08
290,28,79,10,628394.6,2023-11-05
295,47,102,12,9984.0,2023-07-09
297,28,4,11,37201.0,2023-11-12
313,27,12,1,2589.7,2024-11-08
326,32,27,15,247672.0,2023-06-05
334,40,86,6,561139.0,2023-01-11
343,47,64,14,1483024.1,2023-07-11
350,42,7,5,92714.3,2023-05-11
351,41,6,14,157208.85,2024-04-09
355,8,141,8,36341.3,2023-08-07
358,42,10,15,480496.0,2023-06-10
378,49,80,5,646119.0,2023-01-10
381,12,39,4,112604.45,2023-06-05
393,39,130,6,24865.0,2023-07-10
398,21,139,14,18950.6,2023-12-08
399,16,124,10,37699.0,2024-05-02
435,33,55,1,109987.0,2023-05-02
437,25,110,11,26078.45,2024-12-01
447,34,144,14,29448.1,2023-11-06
455,39,13,5,38736.0,2024-09-06
456,17,43,8,266736.25,2024-02-03
457,49,92,8,675291.35,2023-11-11
459,44,67,11,943680.0,2023-05-12
463,7,26,14,241965.0,2024-12-06
466,45,9,15,595582.0,2023-01-05
476,3,86,11,977316.3,2023-05-03
478,47,105,3,882.55,2023-12-04
479,2,60,6,652507.0,2023-06-03
481,33,55,6,626926.85,2023-06-10
487,42,104,7,25991.0,2023-11-07
491,33,138,6,23843.1,2023-04-12
499,39,101,15,6951.0,2024-07-10
507,36,143,9,37931.6,2024-10-01
518,48,90,8,632779.0,2024-12-05
521,29,109,4,2366.45,2024-04-11
526,8,12,7,18128.85,2023-02-03
546,19,55,15,1567317.6,2023-01-11
549,27,9,10,397055.0,2024-10-10
551,23,27,1,16511.0,2024-06-06
552,48,11,15,516305.05,2023-04-11
557,44,43,4,140387.0,2024-11-08
561,33,51,2,128318.0,2023-12-06
567,4,7,3,58556.0,2023-09-06
571,9,43,11,386065.0,2023-06-08
579,42,53,14,713877.5,2023-07-08
587,28,113,7,30765.0,2024-08-09
593,11,124,15,56549.0,2023-07-10
595,21,49,5,63004.95,2024-08-08
597,8,84,9,390815.0,2023-07-05
600,36,73,13,1768025.05,2024-01-06
624,1,108,5,16728.0,2023-03-11
655,1,66,14,176003.0,2024-04-01
657,19,121,13,45624.7,2024-12-09
663,39,147,9,25907.45,2023-02-01
679,43,133,2,3785.0,2024-08-06
681,32,76,3,422365.25,2024-06-10
682,20,18,2,53145.0,2024-10-09
685,9,98,3,238083.0,2024-01-12
694,27,17,5,70194.0,2023-07-05
695,17,71,5,650870.0,2023-12-06
702,20,16,8,240048.0,2024-02-06
705,16,71,5,618326.5,2023-04-06
716,12,15,12,334797.0,2024-10-04
722,24,10,6,182588.1,2023-08-07
725,33,130,1,4144.0,2023-06-03
728,32,115,14,11628.0,2023-02-03
735,35,129,5,16331.0,2024-07-01
745,42,64,7,741512.05,2023-07-10
746,8,118,10,40993.45,2023-09-04
752,32,149,3,3316.45,2024-10-03
755,9,35,7,73187.05,2023-08-03
772,20,26,13,213446.95,2023-03-12
775,43,32,4,50010.0,2024-10-04
776,6,89,4,298976.4,2024-08-03
783,22,80,4,491050.25,2023-11-10
790,3,30,8,257983.0,2024-06-08
799,40,150,12,19748.0,2024-04-11
805,2,135,12,19734.0,2024-09-07
807,16,140,4,11911.1,2023-02-07
813,19,122,10,12563.75,2023-08-12
818,12,126,3,7629.45,2024-10-02
822,45,131,5,4577.1,2024-04-12
833,4,35,6,66033.0,2024-10-01
834,10,9,6,238233.0,2024-02-02
835,45,26,2,34566.0,2024-06-05
839,8,20,8,246668.0,2023-08-01
843,22,92,14,1181759.15,2024-09-07
852,49,28,1,13546.05,2023-02-10
853,35,86,4,374093.0,2024-06-08
859,28,95,15,994764.95,2023-06-12
863,2,94,8,309706.65,2024-10-03
866,25,138,11,43713.3,2024-09-07
873,25,18,7,186007.0,2023-12-04
874,42,59,10,871661.0,2023-01-12
883,11,9,13,516172.0,2023-04-03
890,11,127,11,16190.85,2024-11-05
892,39,31,12,99397.0,2024-04-07
898,1,6,7,78603.95,2024-02-10
899,29,28,7,94819.5,2023-08-06
903,16,94,5,203754.0,2023-10-12
913,48,52,2,27408.0,2024-02-11
914,31,91,13,1753518.0,2024-11-01
918,11,43,1,33342.15,2024-11-10
930,35,108,10,31783.2,2023-05-03
934,3,72,15,1494970.0,2023-07-08
940,42,29,1,36510.0,2023-09-05
945,2,80,12,1473151.7,2023-07-01
948,34,75,9,294915.0,2023-11-12
951,36,39,1,28151.35,2024-07-01
958,18,50,5,56380.0,2023-01-02
976,6,77,2,89409.0,2024-10-06
982,3,116,2,4893.45,2024-04-04
983,38,73,5,715800.0,2023-06-09
989,17,62,3,291332.7,2024-12-06
998,29,57,14,1663068.0,2024-03-01
1002,45,78,5,608808.0,2023-07-04
1005,30,57,14,1579914.6,2023-09-04
1012,14,144,4,8414.15,2023-06-06
1015,30,121,8,29554.0,2024-10-01
1018,28,9,10,397055.0,2023-12-05
1020,16,89,6,472068.0,2023-04-05
1028,39,146,5,2356.0,2024-06-10
1036,6,84,13,564510.0,2023-09-12
1038,46,20,5,146458.65,2024-01-07
1039,35,129,14,43440.65,2023-02-12
1042,37,78,6,694040.55,2023-10-06
1054,17,138,2,8366.0,2024-09-08
1056,14,45,6,59422.0,2023-08-08
1057,30,41,5,53000.0,2024-07-09
1065,11,125,8,27217.0,2023-06-02
1066,11,65,14,357808.0,2024-09-02
1067,38,136,12,22497.9,2023-09-01
1070,38,9,3,119116.0,2023-02-12
1074,14,74,1,82231.05,2023-02-07
1076,16,34,1,4918.0,2024-11-05
1080,21,16,5,142528.5,2023-12-04
1081,28,31,8,66265.0,2024-07-12
1085,21,90,5,375712.65,2023-04-08
1087,48,105,6,1764.15,2023-08-10
1088,30,34,3,14753.0,2024-12-02
1089,4,55,10,1099872.0,2024-09-06
1093,15,12,13,33668.0,2024-06-04
1098,6,27,5,78429.15,2023-05-01
1100,21,63,7,930718.8,2024-03-11
1105,40,77,5,223523.0,2024-11-04
1107,5,46,8,39870.0,2023-12-09
1112,44,125,6,19391.4,2023-03-08
1114,23,86,1,88846.85,2023-01-12
1115,47,42,11,65921.0,2024-06-02
1124,19,9,12,476466.0,2024-04-04
1126,3,93,10,1004770.0,2023-07-08
1140,21,138,14,55634.85,2024-06-02
1143,9,10,4,121725.4,2024-12-04
1145,16,127,6,8831.2,2023-01-03
1147,14,120,15,44523.65,2024-09-08
1148,19,98,14,1055503.2,2024-02-11
1155,2,109,2,1245.0,2024-01-07
1166,14,118,13,56096.0,2024-02-09
1176,17,38,10,264611.0,2023-10-01
1179,17,129,13,40337.95,2024-01-05
1181,46,70,9,293739.05,2023-10-07
1196,2,13,13,95676.4,2024-01-01
1208,23,86,8,748185.0,2023-08-02
1214,37,23,11,116816.75,2024-02-03
1220,42,65,8,204462.0,2023-11-01
1221,44,72,4,378726.05,2024-04-03
1222,5,146,7,3298.4,2023-10-12
1230,17,91,4,512566.8,2023-01-01
1237,45,124,10,37699.0,2023-03-03
1238,42,149,4,4654.0,2023-02-01
1242,27,99,7,750867.0,2024-11-10
1250,24,96,9,603808.6,2023-11-08
1257,2,99,15,1609000.0,2023-05-12
1259,38,86,6,561139.0,2023-05-12
1261,25,18,2,53145.0,2024-03-01
1262,45,136,1,1974.0,2023-01-10
1274,46,143,7,31055.0,2023-09-06
1285,13,122,8,10051.0,2023-06-10
1287,13,119,6,18558.25,2023-06-12
1297,1,33,2,12760.4,2024-06-06
1310,35,65,8,194238.9,2023-04-06
1321,8,2,14,195974.0,2024-05-01
1322,12,139,13,17596.85,2023-03-11
1337,19,22,15,591793.0,2024-06-02
1339,15,142,8,6611.0,2024-01-05
1341,35,56,3,122517.7,2023-04-05
1342,6,136,12,23682.0,2023-11-09
1360,14,30,2,61271.2,2024-03-06
1368,47,20,15,462502.0,2023-07-11
1372,12,136,8,14998.6,2024-08-01
1374,38,122,9,11902.0,2023-03-11
1378,23,45,15,141128.2,2024-10-12
1380,31,88,4,193346.0,2023-10-05
1384,21,57,11,1306696.0,2023-04-01
1385,5,26,11,180609.25,2024-06-08
1388,34,124,2,7540.0,2024-09-07
1402,9,83,13,1664827.5,2023-08-01
1415,41,121,4,14777.0,2023-02-04
1418,16,33,10,63800.1,2024-04-09
1420,45,24,12,264846.7,2024-02-10
1431,18,4,1,3212.9,2024-10-01
1434,29,144,12,26570.0,2024-05-01
1437,35,47,12,69802.2,2024-08-05
1438,47,22,10,394529.0,2024-03-01
1441,11,16,4,120024.0,2023-08-04
1447,10,84,11,453779.85,2024-09-03
1454,20,56,7,285874.95,2023-10-04
1459,5,133,4,7571.0,2024-01-10
1461,10,87,3,200580.0,2024-05-05
1475,17,59,6,496847.15,2024-06-06
1477,33,144,3,6642.0,2024-04-06
1484,16,104,3,10582.05,2024-11-09
1487,49,129,13,40337.95,2023-03-07
1502,43,8,1,4734.8,2024-02-03
1508,2,117,9,35080.65,2023-01-07
1518,16,144,6,13285.0,2024-12-04
1522,15,1,2,66245.0,2023-04-11
1527,48,135,8,12498.2,2023-06-02
1529,7,24,14,308988.45,2024-07-12
1530,20,30,10,322479.0,2023-10-10
1540,8,37,13,74936.0,2023-01-10
1550,30,42,4,23971.0,2024-03-04
1554,34,108,4,13382.0,2024-07-04
1561,7,133,10,18927.0,2023-10-08
1563,39,51,15,962385.0,2024-11-05
1573,3,46,11,52079.95,2023-12-02
1575,47,87,9,601739.0,2024-10-04
1579,21,79,9,595322.0,2024-01-06
1604,30,55,4,439949.0,2024-04-02
1605,9,95,7,464223.2,2024-09-05
1606,18,99,8,858133.0,2023-06-06
1609,7,108,8,25425.8,2024-11-10
1611,40,146,10,4712.0,2024-10-05
1614,5,142,1,784.7,2024-11-08
1623,2,10,7,224231.0,2024-06-01
1640,18,58,3,310150.3,2024-05-10
1641,25,147,4,11514.0,2024-08-09
1643,10,36,10,214713.3,2023-08-08
1666,32,53,2,107350.0,2024-03-03
1668,18,136,6,11841.0,2023-05-02
1669,2,32,11,130650.65,2024-12-02
1679,43,116,11,26914.45,2023-04-07
1682,22,64,3,334517.0,2024-11-02
1684,16,61,1,28019.0,2023-08-12
1686,45,62,4,408888.0,2023-03-02
1689,43,74,4,346234.0,2023-04-06
1697,7,110,9,21337.0,2024-09-03
1699,47,122,7,9257.0,2024-02-11
1702,27,33,1,6380.2,2023-01-10
1708,11,19,4,62442.55,2023-06-01
1722,41,144,9,19927.0,2023-03-12
1723,39,63,14,1861436.65,2023-07-04
1726,21,60,11,1136448.9,2024-01-07
1728,29,46,14,66284.35,2023-08-01
1729,36,55,1,104487.65,2023-02-08
1749,3,99,3,305710.0,2024-08-03
1754,45,146,8,3968.0,2024-08-02
1755,45,101,9,3962.45,2023-03-11
1756,27,126,4,10708.0,2024-05-03
1761,21,89,12,896930.15,2023-10-07
1767,11,1,1,33123.0,2023-03-01
1773,35,140,3,8933.8,2024-03-01
1778,38,56,11,449232.2,2023-02-11
1782,12,3,4,34292.15,2024-09-08
1784,15,27,1,15685.45,2024-08-04
1785,24,103,5,8498.7,2023-05-03
1786,31,149,9,10473.0,2024-07-08
1793,42,149,3,3491.0,2023-07-04
1803,2,75,12,393221.0,2024-08-08
1804,13,66,15,188574.0,2024-05-05
1807,4,81,12,1392492.9,2024-09-01
1808,39,21,5,43673.0,2024-10-06
1811,49,98,15,1130896.15,2023-10-05
1819,44,2,14,195974.0,2024-03-01
1822,10,61,6,168112.0,2023-06-07
1823,38,131,6,5492.9,2024-06-10
1834,16,45,9,89133.0,2024-12-06
1839,10,114,13,9871.45,2023-08-01
1843,14,61,8,224149.0,2023-09-12
1845,39,38,5,125690.7,2023-12-02
1848,49,6,14,165483.0,2023-11-12
1853,44,27,5,78429.15,2023-12-08
1856,2,95,13,907505.0,2024-03-03
1858,47,55,15,1567317.6,2024-10-07
1863,26,79,3,198441.0,2023-03-06
1867,49,52,12,156226.55,2023-01-07
1875,1,88,12,551036.1,2024-08-05
1878,17,137,14,47397.0,2023-06-05
1892,22,146,9,4240.8,2023-11-08
1893,37,110,11,26078.45,2023-09-08
1896,1,86,13,1155010.95,2023-01-11
1899,10,123,9,23744.3,2023-11-05
1904,30,15,3,79514.05,2024-07-05
1921,43,25,6,69121.05,2024-05-07
1931,32,94,15,580699.85,2024-06-10
1934,26,98,13,1031695.0,2023-06-07
1936,3,138,15,62746.0,2023-12-09
1937,33,22,14,524723.0,2024-08-06
1943,6,101,14,6488.0,2024-05-05
1944,26,5,9,213021.0,2024-05-02
1947,39,140,11,32756.0,2024-12-09
1949,32,116,11,26914.45,2024-12-02
1953,38,142,5,3925.4,2023-12-05
1956,42,22,2,74960.7,2024-04-10
1959,33,28,15,213878.0,2024-04-10
1962,30,48,3,44209.0,2023-05-09
1970,16,114,12,9591.0,2024-10-11
1978,31,3,5,45121.0,2024-06-05
1979,36,82,11,539575.3,2024-08-04
1981,34,16,5,142528.5,2023-02-05
1983,29,60,8,826508.55,2023-08-07
1989,16,55,6,659923.0,2024-07-05
1990,49,5,8,189352.0,2023-04-08
1994,10,10,1,30431.35,2023-06-11
1997,18,86,13,1155010.95,2024-11-07
2005,7,122,5,6612.0,2023-03-03
2016,29,27,4,62743.7,2023-07-01
2017,45,92,1,88854.0,2023-04-01
2019,4,128,2,8835.95,2024-05-02
2020,14,143,9,37931.6,2023-06-05
2026,46,117,1,3897.85,2023-07-09
2031,45,22,5,187400.8,2024-07-12
2034,35,143,1,4436.0,2023-08-08
2035,43,145,12,52198.0,2023-08-03
2036,30,127,14,21691.0,2023-06-06
2042,15,31,11,91114.0,2024-04-09
2043,37,51,11,670461.55,2023-04-03
2045,2,63,4,531839.45,2023-11-03
2046,44,41,1,10600.0,2024-12-07
2049,32,8,5,23674.95,2024-07-01
2051,48,3,2,18048.0,2024-12-01
2052,23,63,7,979704.0,2023-03-06
2058,7,113,10,43950.0,2024-04-10
2060,40,135,10,16445.0,2024-11-10
2066,38,26,3,49257.5,2023-07-12
2078,27,53,3,152973.75,2024-06-11
2080,34,29,15,520272.25,2024-06-06
2081,33,134,15,67225.8,2023-02-09
2084,4,125,8,25856.15,2023-10-02
2093,46,67,8,686312.0,2023-03-10
2095,27,40,14,188648.15,2024-10-02
2105,33,105,8,2476.0,2024-07-10
2112,17,118,15,64727.0,2023-09-11
2113,6,121,11,40637.0,2023-05-01
2129,23,146,1,471.2,2023-03-05
2130,45,74,11,904536.8,2023-02-06
2133,41,43,8,266736.25,2024-11-07
2143,5,39,14,394117.0,2023-06-11
2144,37,75,10,311299.8,2023-05-02
2148,39,69,8,344014.0,2023-05-10
2150,14,23,12,134144.0,2024-06-10
2153,22,136,4,7499.3,2023-06-10
2156,38,28,10,135456.7,2023-07-06
2158,44,44,15,153997.85,2023-11-02
2162,49,56,15,644832.0,2023-09-05
2164,6,135,14,21871.85,2024-05-03
2165,10,149,15,16581.3,2023-10-12
2169,44,90,7,553681.0,2023-01-12
2172,17,53,12,644100.0,2023-11-04
2177,40,26,1,16418.85,2023-03-07
2178,9,35,3,33017.0,2023-02-10
2195,45,131,12,10984.85,2024-08-03
2199,10,130,13,53873.0,2024-10-05
2203,10,78,8,974092.0,2024-11-06
2217,37,22,4,149920.45,2024-01-04
2219,43,135,6,9373.65,2024-05-10
2231,25,118,12,49191.95,2024-12-11
2236,31,128,14,65110.0,2024-11-11
2250,3,24,12,278786.0,2024-07-01
2254,10,54,7,808206.8,2023-07-04
2260,46,46,2,9469.6,2024-06-04
2264,48,143,4,17746.0,2023-02-02
2300,30,95,9,596858.4,2023-01-01
2304,3,32,12,142528.5,2024-04-12
2307,20,118,5,20497.2,2024-10-05
2309,26,23,13,138055.9,2024-01-07
2314,45,49,4,50404.15,2024-07-10
2321,24,9,3,113160.2,2024-05-09
2328,19,30,6,193487.0,2024-11-10
2339,9,5,8,189352.0,2024-06-01
2346,2,30,11,354727.0,2023-07-08
2347,39,128,1,4651.0,2024-03-04
2369,26,60,8,826508.55,2023-11-05
2384,43,42,6,35957.0,2023-04-07
2394,19,11,11,398551.0,2024-09-11
2398,2,46,9,42611.3,2024-07-10
2399,41,36,11,248615.0,2023-12-07
2400,39,2,10,132982.9,2024-12-05
2403,21,131,8,7323.55,2024-09-05
2411,31,16,10,285057.0,2023-11-11
2413,31,134,1,4482.1,2023-09-04
2420,16,7,7,136631.0,2023-07-04
2421,35,97,7,947345.0,2023-09-02
2422,49,19,7,115026.0,2024-11-11
2432,12,49,13,163813.25,2024-03-02
2443,24,106,11,48234.0,2023-05-12
2445,49,92,13,1097347.85,2023-03-02
2446,7,96,11,776829.0,2024-09-05
2451,5,33,15,95700.15,2023-10-10
2456,34,31,1,7868.85,2023-07-03
2457,33,27,3,47057.3,2024-02-06
2460,19,3,13,111448.3,2024-08-02
2467,13,64,8,847441.8,2024-09-09
2477,35,18,4,106290.0,2023-10-07
2483,25,9,11,414922.0,2023-01-08
2486,14,23,1,11179.0,2023-04-02
2489,49,85,6,231472.0,2023-12-06
2494,24,74,13,1068997.95,2024-09-10
2501,45,131,5,4577.1,2024-06-04
2505,16,37,9,54609.0,2023-09-08
2516,4,101,2,927.0,2023-04-07
2517,10,10,3,96099.0,2023-02-11
2520,4,88,10,483365.0,2024-02-10
2525,46,55,8,835903.1,2024-09-11
2543,22,116,8,20604.0,2024-09-02
2546,49,125,2,6463.8,2023-09-11
2550,20,149,11,12800.0,2024-05-11
2552,8,16,2,57011.4,2024-03-01
2553,24,150,1,1646.0,2024-10-06
2563,46,12,9,23309.2,2023-04-11
2566,46,132,7,10941.0,2023-01-11
2569,25,42,10,56931.6,2023-09-09
2586,46,24,12,278786.0,2023-05-03
2591,26,74,8,657844.6,2023-05-03
2598,21,116,10,24467.25,2024-12-04
2608,11,93,9,904293.0,2024-09-08
2609,47,16,12,360072.0,2023-07-03
2616,30,3,4,36097.0,2024-07-07
2619,10,135,5,8223.0,2023-01-04
2622,27,116,11,26914.45,2023-03-01
2624,19,49,2,25201.6,2024-08-01
2627,23,27,6,99069.0,2023-04-05
2628,10,109,10,6227.0,2023-12-03
2640,43,113,6,25051.5,2023-10-11
2645,25,89,1,78678.0,2024-10-10
2647,7,69,12,516021.0,2024-04-02
2650,42,70,10,326376.3,2024-08-06
2656,49,72,1,94681.75,2023-02-08
2659,37,126,14,35605.05,2024-02-06
2660,9,35,4,44022.0,2023-11-10
2672,28,113,14,61529.0,2024-07-01
2675,49,85,6,219898.4,2023-08-12
2679,25,29,12,416217.8,2024-10-10
2690,48,5,3,67456.65,2024-02-03
2694,42,56,3,128966.0,2023-03-06
2700,6,71,3,370995.9,2023-03-10
2705,41,110,9,22460.0,2023-05-07
2706,18,150,7,10944.0,2023-07-11
2722,39,71,10,1236653.95,2023-03-03
2727,31,10,4,128132.0,2024-02-07
2729,45,105,10,3095.0,2023-06-01
2737,22,82,10,516340.0,2024-01-10
2739,24,98,4,301572.75,2023-04-07
2744,26,73,13,1768025.05,2024-09-02
2761,6,35,4,41820.9,2023-10-05
2777,21,104,1,3713.0,2024-08-01
2779,38,30,9,290231.0,2023-09-12
2780,42,98,8,634889.0,2024-08-02
2782,35,65,2,51115.0,2024-01-08
2785,43,131,2,1830.65,2024-09-01
2787,28,44,2,21614.0,2024-01-08
2808,2,97,5,642841.25,2024-09-07
2822,48,133,1,1893.0,2023-04-04
2827,45,13,6,44158.85,2023-02-07
2829,33,52,9,123337.0,2024-06-01
2830,7,89,2,149488.2,2023-07-09
2832,24,65,5,127788.0,2023-07-10
2834,14,36,8,171770.45,2023-09-10
2836,28,149,5,5527.1,2023-04-12
2840,45,3,8,72194.0,2023-01-05
2846,16,26,4,65676.35,2024-03-10
2853,35,123,4,11108.0,2024-10-04
2857,24,23,3,33536.0,2023-06-07
2861,16,115,15,12459.0,2023-01-06
2864,27,20,6,175750.95,2024-02-05
2865,19,147,15,43178.45,2023-12-01
2867,46,116,10,24467.25,2023-04-10
2870,26,62,15,1533330.0,2023-12-12
2871,8,107,13,19674.0,2024-04-11
2872,39,37,9,51878.55,2023-02-07
2873,28,49,10,132642.0,2024-08-11
2874,33,75,14,435819.15,2024-03-09
2883,31,65,14,357808.0,2023-01-11
2884,18,82,13,671243.0,2024-01-12
2886,21,147,6,18180.0,2024-01-08
2892,1,22,7,262361.5,2023-06-12
2901,19,78,2,243523.0,2024-12-11
2903,22,42,5,29964.0,2023-04-08
2909,16,61,13,346029.9,2024-11-09
2913,36,25,9,103681.1,2023-02-09
2922,41,94,13,503272.95,2023-04-03
2929,45,4,14,47346.0,2023-03-02
2938,38,60,14,1522515.0,2024-01-03
2939,29,83,1,128063.8,2024-01-11
2941,29,34,4,18686.5,2024-11-08
2949,41,38,8,201104.55,2024-09-10
2959,39,22,6,236717.0,2023-02-10
2967,47,3,14,126339.0,2024-05-01
2974,41,111,11,47138.0,2023-02-09
2981,45,57,3,338553.4,2023-07-02
2983,3,62,4,408888.0,2023-01-10
2984,43,121,14,49134.0,2024-05-12
2986,4,85,2,73299.15,2024-06-05
3000,18,32,4,47509.5,2024-09-09
3002,29,23,10,111786.0,2024-02-04
3011,12,58,3,310150.3,2023-04-04
3015,17,68,11,735868.0,2024-10-07
3041,33,21,14,116169.8,2023-01-04
3046,28,97,8,1028546.95,2024-04-07
3047,19,113,15,62627.8,2024-08-02
3055,21,94,6,232279.75,2024-02-08
3059,4,29,13,450902.3,2024-12-08
3067,11,139,12,17099.0,2023-02-10
3073,44,116,13,31807.9,2023-08-05
3074,18,82,14,722877.0,2024-09-06
3084,19,41,8,80560.0,2024-04-08
3087,25,73,9,1288439.0,2023-11-06
3092,18,61,5,133088.35,2023-06-05
3093,1,114,13,10391.0,2023-07-05
3102,23,117,8,32824.0,2023-02-12
3108,7,139,14,18950.6,2023-07-07
3110,36,78,7,809714.45,2023-10-05
3114,40,42,6,35957.0,2023-08-01
3118,13,27,7,115580.0,2023-04-06
3121,26,132,3,4689.0,2024-01-03
3124,26,89,6,448464.6,2024-06-05
3139,41,18,5,126218.9,2023-09-04
3143,17,8,11,54826.0,2024-03-05
3152,10,147,2,6060.0,2023-07-02
3160,21,65,9,218518.05,2023-01-09
3189,42,4,1,3212.9,2023-05-06
3190,44,98,1,75392.95,2024-05-01
3194,49,78,13,1582900.0,2024-10-05
3206,39,61,9,239559.6,2023-06-11
3215,43,16,6,171034.2,2023-02-04
3216,33,106,14,61388.0,2023-08-10
3225,13,18,1,26572.0,2023-11-04
3226,19,141,1,4782.0,2024-06-07
3236,23,103,6,10735.0,2024-09-03
3237,46,1,13,409063.35,2023-02-06
3241,34,120,13,38587.1,2023-04-08
3245,42,93,11,1049984.65,2024-10-06
3253,18,94,13,503272.95,2024-03-09
3257,17,85,9,347208.0,2023-11-04
3258,16,88,1,48336.0,2023-07-08
3269,44,135,11,18090.0,2024-06-08
3273,9,137,11,35378.0,2024-11-11
3275,44,77,9,382224.9,2024-08-10
3278,41,4,12,40583.0,2023-10-02
3282,39,42,9,53936.0,2024-12-05
3283,8,73,1,143160.0,2024-11-04
3291,13,74,10,865586.0,2023-03-01
3301,41,65,11,267078.25,2024-05-07
3305,20,141,7,33473.0,2023-07-09
3308,35,96,10,706208.0,2024-12-07
3310,41,34,6,28029.75,2024-12-08
3320,11,58,13,1343984.0,2024-12-01
3325,37,36,11,248615.0,2023-03-09
3326,12,96,7,469628.7,2023-05-02
3327,18,134,9,42458.0,2023-09-01
3331,5,133,14,26498.0,2024-12-09
3335,2,77,12,536456.0,2023-01-12
3342,48,41,13,137800.0,2023-04-01
3346,6,12,2,5179.4,2023-10-09
3347,13,20,9,263625.95,2023-10-09
3348,11,118,7,30206.0,2023-01-05
3358,13,61,10,266176.7,2023-09-03
3362,37,48,11,162100.0,2024-01-06
3370,20,82,4,206536.0,2024-03-04
3375,5,8,14,69778.0,2024-05-05
3378,26,149,14,15476.45,2024-04-04
3380,38,132,7,10941.0,2024-09-10
3391,13,93,12,1205724.0,2024-10-11
3393,7,51,13,792363.65,2024-10-02
3398,19,126,4,10172.6,2024-03-06
3399,1,140,15,44668.05,2024-06-02
3400,44,20,1,30833.0,2023-11-03
3409,41,39,6,168907.15,2023-12-02
3418,3,146,2,992.0,2024-09-11
3420,32,117,1,4103.0,2023-05-10
3423,39,131,15,14454.0,2023-05-02
3426,41,111,5,21426.0,2023-10-12
3433,41,26,9,155549.0,2023-04-06
3444,24,60,14,1522515.0,2023-07-06
3446,5,6,13,145979.85,2023-09-09
3452,24,73,8,1088015.05,2023-03-09
3456,45,138,10,39738.5,2023-04-07
3464,35,141,11,52600.0,2024-11-02
3465,20,130,5,20720.0,2024-10-11
3467,47,58,1,108825.0,2023-02-05
3469,15,22,13,512887.0,2024-06-11
3474,2,103,11,19681.0,2024-02-01
3482,14,63,4,559831.0,2024-01-08
3493,33,65,7,178904.0,2023-09-08
3497,8,132,1,1484.85,2024-02-03
3512,45,10,2,64066.0,2023-08-05
3515,42,99,6,643600.0,2023-01-05
3516,11,5,9,202369.95,2024-08-02
3517,10,18,8,212580.0,2024-10-10
3523,24,48,9,125995.65,2023-11-10
3525,32,133,6,11356.0,2023-02-01
3527,4,40,11,156024.0,2023-07-05
3531,12,95,2,139616.0,2024-05-02
3532,47,67,4,343156.0,2024-02-07
3533,38,42,12,68318.3,2024-03-08
3535,3,81,10,1221485.0,2024-11-05
3537,17,118,6,24596.45,2024-03-11
3544,27,7,3,58556.0,2024-01-09
3547,28,80,8,982101.45,2024-01-10
3549,10,53,13,662886.25,2023-01-01
3550,6,116,8,19573.8,2023-11-10
3551,18,17,4,56155.0,2023-07-12
3552,18,17,15,200052.9,2024-04-11
3564,37,117,10,41030.0,2023-07-07
3565,35,106,4,17539.0,2024-01-01
3571,33,17,9,120031.55,2023-11-05
3575,14,150,2,3126.45,2024-04-06
3576,28,6,2,22458.0,2023-11-04
3577,14,9,8,317644.0,2023-01-02
3591,6,31,14,110165.8,2024-02-06
3593,22,68,7,444866.0,2024-04-10
3594,17,89,4,314712.0,2023-08-02
3595,26,101,3,1320.5,2023-06-10
3596,7,70,5,163188.15,2023-10-11
3598,38,82,8,413072.0,2023-11-11
3603,34,31,12,94427.15,2024-05-12
3606,11,128,11,48600.1,2024-03-06
3625,18,141,6,28691.0,2024-05-10
3626,1,12,14,38167.0,2023-07-09
3629,12,29,3,109531.0,2023-10-02
3634,35,36,15,339021.0,2024-12-06
3642,14,121,4,14777.0,2024-05-11
3646,23,145,6,26099.0,2024-01-08
3648,28,63,11,1539534.0,2024-12-12
3655,24,64,4,446022.0,2024-12-11
3659,46,27,4,62743.7,2024-12-01
3660,25,140,4,11911.1,2023-09-11
3665,36,127,14,21691.0,2024-06-09
3672,20,54,15,1823022.0,2024-04-02
3677,7,66,15,179145.3,2024-12-08
3685,25,6,15,177303.0,2024-08-11
3692,14,138,3,12549.0,2023-12-03
3710,4,136,6,11841.0,2023-10-08
3711,19,123,6,15828.9,2024-12-10
3720,13,80,2,245525.6,2024-10-07
3725,41,74,11,904536.8,2023-02-11
3731,39,52,11,143207.75,2024-10-06
3735,41,17,9,126349.0,2023-11-08
3745,22,93,11,1105247.0,2024-07-06
3747,3,42,4,23971.0,2024-09-11
3749,12,117,4,15591.4,2024-04-03
3751,34,4,5,16063.55,2024-10-11
3755,10,119,8,24744.65,2024-04-10
3756,27,13,13,100712.0,2024-08-03
3758,14,113,3,12525.75,2024-04-03
3762,49,66,7,83600.95,2024-06-11
3770,22,82,5,245261.5,2024-06-04
3771,27,70,13,424289.95,2024-02-08
3774,4,41,14,148400.0,2023-11-12
3779,35,128,5,22091.3,2024-05-11
3784,37,127,8,11775.25,2023-05-07
3789,39,21,10,82978.7,2023-09-03
3798,2,122,8,10051.0,2024-09-11
3810,15,72,10,996646.0,2024-11-05
3812,34,64,6,635581.35,2023-03-08
3824,41,86,5,444235.2,2024-10-01
3826,24,51,8,487608.4,2023-07-09
3829,2,142,12,9917.0,2023-02-11
3831,49,129,13,40337.95,2023-04-07
3832,9,133,10,18927.0,2024-04-12
3833,21,48,13,181994.35,2024-08-11
3835,41,13,15,116206.0,2023-04-04
3841,33,134,8,37741.0,2023-08-06
3845,35,143,9,37931.6,2024-01-03
3847,49,53,10,536750.0,2024-08-08
3849,26,52,7,95929.0,2023-11-07
3855,23,46,9,42611.3,2023-09-07
3856,28,71,15,1854980.45,2024-03-11
3862,20,105,12,3714.0,2023-03-11
3873,42,36,3,67804.0,2023-12-11
3888,30,117,9,35080.65,2024-02-04
3897,26,36,10,226014.0,2024-08-09
3899,3,114,3,2278.1,2023-06-07
3904,43,109,11,6850.0,2023-03-05
3905,30,58,1,103383.75,2024-03-05
3908,44,115,15,11836.05,2024-09-05
3916,44,4,12,40583.0,2023-10-04
3917,43,84,9,371274.25,2024-02-10
3936,44,106,1,4385.0,2023-09-02
3938,23,144,9,18930.65,2023-07-02
3940,9,16,8,228045.6,2024-12-08
3943,22,57,1,118791.0,2024-04-07
3955,47,89,11,865459.0,2023-02-04
3959,32,102,14,11065.6,2023-02-09
3960,48,123,1,2638.15,2024-06-03
3961,14,28,11,149001.8,2023-10-08
3972,15,95,10,698080.0,2023-03-06
3978,41,76,13,1830248.15,2023-02-03
3979,11,148,9,43070.0,2023-01-07
3986,8,44,14,151296.0,2024-11-02
4004,25,61,14,372647.95,2023-08-08
4010,16,63,13,1728477.5,2023-03-01
4011,6,89,1,74744.1,2024-06-11
4013,38,128,8,35345.7,2023-04-11
4017,17,51,15,962385.0,2023-03-02
4034,5,86,8,710775.75,2023-02-01
4039,17,127,7,10845.0,2023-09-12
4042,41,4,7,22489.35,2023-09-09
4051,23,53,7,375725.0,2023-06-12
4057,28,88,9,435028.0,2024-07-02
4064,2,105,9,2646.7,2024-10-05
4067,30,109,4,2366.45,2024-04-12
4070,5,79,14,879753.2,2023-03-06
4072,45,77,13,581161.0,2024-12-11
4081,2,133,10,17980.65,2023-08-01
4083,45,35,9,94097.5,2024-02-04
4095,34,129,14,45727.0,2023-08-11
4101,17,42,10,56931.6,2023-10-03
4107,49,101,14,6488.0,2023-05-09
4109,48,114,13,10391.0,2023-02-06
4112,47,29,7,255572.0,2024-07-01
4121,46,33,8,51039.7,2023-01-07
4135,19,9,14,555877.0,2024-08-03
4138,19,108,15,50183.0,2023-12-06
4143,2,141,11,52600.0,2024-01-09
4153,5,104,7,24691.45,2024-05-09
4155,12,80,5,646119.0,2024-08-03
4159,31,87,15,952753.1,2023-04-06
4169,7,23,8,89429.0,2024-03-06
4184,44,125,5,16159.5,2023-08-04
4187,13,121,4,14777.0,2023-04-07
4198,4,90,5,395487.0,2023-12-06
4199,47,33,4,26863.0,2023-01-11
4201,36,103,4,7157.0,2024-10-05
4203,10,104,1,3527.35,2024-11-10
4204,4,143,5,21072.9,2023-04-04
4206,16,88,3,137758.55,2024-08-03
4210,16,63,6,839746.0,2023-07-02
4221,29,101,10,4634.0,2023-10-08
4226,45,49,7,92850.0,2023-05-01
4230,43,142,10,8264.0,2024-08-07
4239,25,15,3,83699.0,2024-11-04
4243,13,84,2,82505.6,2024-11-10
4247,38,2,10,132982.9,2023-11-08
4252,33,32,8,95019.0,2024-07-07
4255,2,39,12,355594.0,2023-05-11
4272,32,37,12,72813.0,2023-05-05
4274,31,122,15,19837.0,2024-11-02
4291,32,8,9,42614.15,2024-04-04
4294,7,44,5,51332.3,2023-01-01
4300,16,45,8,75268.5,2023-08-12
4303,7,147,3,8635.5,2024-01-04
4305,10,56,1,40839.55,2023-11-06
4306,19,11,12,413043.85,2024-06-10
4316,48,126,3,7629.45,2023-02-05
4322,43,94,14,541986.4,2024-01-11
4323,39,70,1,32637.25,2023-10-06
4331,11,31,5,39345.2,2023-01-12
4334,24,13,15,110395.7,2024-12-10
4335,29,142,11,9091.0,2024-08-02
4341,29,141,8,36341.3,2023-08-04
4343,36,149,13,14370.65,2024-07-11
4352,39,111,6,25711.0,2023-11-09
4361,11,48,14,206309.0,2023-04-02
4363,28,40,12,161697.6,2024-05-02
4370,48,12,8,20718.55,2023-11-07
4380,17,21,12,104815.0,2023-06-11
4383,49,118,13,56096.0,2023-11-01
4393,13,86,12,1066164.1,2024-10-03
4399,46,29,1,34684.5,2023-01-11
4403,3,75,10,311299.8,2023-03-08
4406,11,104,12,44556.0,2023-03-06
4415,49,56,6,245036.35,2023-04-03
4421,42,61,15,399265.05,2023-03-07
4424,37,43,2,70194.0,2023-07-02
4429,3,82,1,49052.3,2024-01-05
4437,2,49,9,119378.0,2024-08-05
4440,38,103,2,3399.1,2024-07-11
4460,33,101,4,1854.0,2024-04-11
4466,20,56,3,128966.0,2024-12-03
4467,19,63,9,1259619.0,2023-12-12
4468,38,84,15,651358.0,2023-02-05
4478,32,46,6,29903.0,2023-05-01
4497,15,88,5,241682.0,2023-10-05
4498,21,4,15,50728.0,2023-01-12
4501,13,100,12,1192442.85,2024-09-11
4502,42,67,13,1115258.0,2024-06-05
4505,35,119,7,22791.0,2023-05-07
4511,21,146,7,3472.0,2023-09-11
4512,24,60,5,516567.25,2024-02-02
4514,8,102,14,11065.6,2024-10-09
4520,17,102,15,11856.0,2023-08-12
4522,33,116,14,34254.15,2023-11-01
4525,20,140,8,25077.0,2024-10-06
4527,4,106,12,49987.1,2024-02-01
4533,19,39,4,112604.45,2024-10-06
4534,37,150,6,9380.3,2024-09-11
4535,6,67,8,686312.0,2023-09-04
4544,6,51,3,182853.15,2024-05-10
4549,44,102,5,3952.0,2024-02-12
4551,18,37,11,63407.75,2023-02-09
4552,12,116,9,22021.0,2024-11-08
4554,28,59,7,579654.85,2023-05-03
4569,18,78,11,1272408.15,2024-07-11
4572,27,69,7,316855.0,2023-10-01
4586,34,6,12,134750.85,2023-06-08
4587,44,125,4,13608.0,2023-12-07
4595,27,28,5,71293.0,2024-02-03
4596,20,124,8,28651.05,2023-01-05
4598,23,38,11,276519.35,2024-02-09
4605,36,85,8,308630.0,2023-08-08
4615,17,91,10,1348860.0,2024-07-02
4618,27,92,10,888541.0,2024-01-12
4624,20,28,4,57034.0,2023-02-07
4627,19,4,1,3212.9,2023-12-08
4629,5,147,15,45451.0,2024-11-03
4630,10,20,3,87875.0,2024-08-04
4631,46,67,3,257367.0,2023-04-11
4632,23,29,3,109531.0,2023-05-02
4642,33,127,7,10845.0,2023-11-11
4647,3,70,1,34355.0,2024-02-08
4648,38,11,5,172102.0,2023-02-05
4649,20,67,2,171578.0,2024-05-05
4650,46,139,7,9475.3,2024-07-03
4654,21,96,10,706208.0,2023-09-04
4660,19,30,14,451470.0,2024-04-11
4682,45,1,12,377596.5,2023-09-07
4683,9,147,8,23028.95,2024-09-11
4693,6,124,6,22620.0,2024-04-03
4703,9,36,2,42942.85,2024-10-10
4706,3,91,9,1213974.0,2023-10-01
4710,29,128,4,17672.85,2023-04-09
4711,41,54,5,607674.0,2023-05-09
4712,28,78,2,231346.85,2023-02-02
4713,22,16,13,370574.1,2024-02-02
4715,3,70,3,103066.0,2023-05-11
4717,19,61,15,420279.0,2024-04-06
4719,9,100,4,418401.0,2024-11-08
4722,44,45,10,94085.15,2024-08-02
4726,27,14,8,272164.55,2024-07-08
4730,13,35,8,83641.8,2023-07-01
4734,36,57,4,451403.9,2024-04-04
4741,3,118,11,47466.0,2024-12-11
4748,48,16,11,330066.0,2024-08-05
4752,24,52,5,68520.0,2023-09-12
4753,37,51,9,577431.0,2024-12-05
4756,36,121,7,24567.0,2024-07-10
4757,13,31,8,66265.0,2023-08-02
4769,28,35,2,20910.45,2023-09-05
4783,28,101,13,5722.8,2023-08-11
4784,14,9,2,79411.0,2023-03-06
4785,2,49,11,145907.0,2024-11-01
4787,48,18,15,398587.0,2023-01-08
4793,22,42,7,39852.5,2023-05-06
4803,24,31,11,91114.0,2024-03-06
4804,31,63,14,1959407.0,2024-03-01
4807,3,108,9,30110.0,2024-08-08
4810,2,143,9,39928.0,2024-06-08
4811,41,19,9,147891.0,2023-10-12
4813,44,85,15,549746.0,2023-12-07
4820,2,21,10,82978.7,2024-02-04
4822,26,50,14,149970.8,2023-11-03
4832,38,28,10,142586.0,2023-11-08
4837,18,106,14,61388.0,2023-02-10
4838,2,139,12,16244.05,2023-06-06
4842,49,38,10,251380.45,2024-05-05
4853,38,28,7,99810.0,2023-06-10
4866,37,86,9,841708.0,2023-08-10
4868,34,104,9,33417.0,2023-08-05
4869,27,143,6,26619.0,2023-06-04
4875,28,53,13,697775.0,2024-10-12
4879,42,48,12,167994.2,2023-01-09
4881,20,36,10,214713.3,2023-04-09
4883,17,133,15,28391.0,2024-10-03
4887,10,95,15,994764.95,2023-08-08
4888,19,110,8,18965.8,2023-04-03
4889,23,10,7,224231.0,2024-05-04
4890,32,135,15,23434.6,2023-07-11
4895,23,98,13,1031695.0,2023-08-03
4897,26,85,8,293198.5,2024-09-09
4908,6,71,3,370995.9,2023-07-09
4909,5,146,4,1884.8,2024-09-11
4918,23,5,13,292312.15,2023-07-09
4924,14,123,12,33325.0,2024-04-01
4925,28,144,7,15499.0,2024-11-07
4928,40,81,9,1044369.2,2024-06-01
4929,8,73,11,1496021.05,2023-05-01
4944,14,79,5,314197.3,2023-05-12
4958,19,130,9,35432.15,2024-01-02
4969,24,125,5,17010.0,2023-01-04
4977,15,100,15,1569004.0,2023-06-04
4980,7,134,14,66047.0,2023-06-10
4981,48,14,15,537166.0,2024-12-01
4983,44,81,11,1343633.0,2024-08-04
4995,47,108,15,47673.85,2023-07-10
5001,10,41,11,110770.0,2024-07-09
5012,7,105,3,882.55,2024-10-08
5016,38,48,11,162100.0,2024-08-03
5024,21,21,15,124467.1,2024-06-09
5026,3,113,4,16701.0,2023-01-04
5028,23,103,4,6799.15,2024-12-06
5041,41,42,1,5693.35,2023-06-06
5049,42,88,4,183678.7,2023-08-08
5050,8,98,14,1111056.0,2023-11-02
5054,33,74,14,1151229.0,2023-04-04
5067,15,106,1,4385.0,2023-11-06
5068,9,76,14,2074775.0,2023-07-07
5075,25,60,15,1631266.0,2023-07-12
5078,30,9,6,238233.0,2024-12-05
5079,1,41,8,84800.0,2024-12-10
5083,6,34,3,14753.0,2024-06-09
5088,22,70,10,326376.3,2023-04-09
5097,35,93,8,803816.0,2024-11-07
5098,43,142,8,6611.0,2023-12-05
5099,15,129,8,24823.5,2023-01-09
5102,17,82,6,294313.8,2023-11-09
5117,35,126,11,29448.0,2024-06-05
5121,27,61,11,308205.0,2023-02-01
5128,18,139,8,11399.0,2023-03-08
5129,28,72,11,1096311.0,2024-11-05
5133,28,60,10,1087511.0,2024-08-08
5140,22,89,1,78678.0,2023-09-05
5150,11,66,3,37715.0,2024-12-11
5155,24,86,9,799622.6,2023-01-05
5158,28,62,3,306666.0,2024-01-02
5159,20,76,10,1407882.9,2024-05-12
5160,8,14,6,214866.0,2023-03-11
5171,34,38,7,185228.0,2024-07-09
5174,23,127,11,17043.0,2024-12-08
5183,28,33,11,73873.0,2023-04-10
5188,44,142,8,6611.0,2023-05-07
5193,29,51,11,705749.0,2024-04-11
5194,9,127,15,23240.0,2024-09-01
5196,47,74,5,432793.0,2024-02-01
5209,17,31,10,78689.45,2024-10-12
5211,32,72,7,697652.0,2023-07-09
5215,21,65,4,102231.0,2023-01-03
5216,40,95,1,66317.6,2023-02-03
5224,10,38,12,301657.3,2023-07-11
5227,25,132,9,14067.0,2024-04-09
5229,27,2,2,26596.2,2023-07-11
5234,2,114,6,4796.0,2024-02-06
5239,21,48,14,206309.0,2023-02-01
5246,41,28,14,189639.0,2023-03-10
5254,15,59,14,1220326.0,2023-12-11
5257,12,96,12,805077.5,2023-02-04
5268,46,112,15,32714.0,2024-10-11
5272,9,149,15,17454.0,2023-04-02
5276,35,119,10,32558.0,2024-12-04
5279,28,72,5,498323.0,2023-02-08
5280,49,130,10,41441.0,2024-10-06
5282,29,102,4,3161.6,2024-08-04
5289,18,131,1,964.0,2024-10-04
5291,1,50,3,32136.6,2024-11-07
5306,46,83,10,1348039.0,2024-09-10
5315,23,135,6,9373.65,2023-04-08
5335,24,40,10,141840.0,2023-09-09
5338,10,2,14,195974.0,2024-06-04
5346,2,31,7,55082.9,2023-03-12
5348,46,91,10,1348860.0,2024-11-11
5354,19,21,3,24893.8,2023-04-02
5356,40,132,9,13363.65,2024-08-11
5360,47,20,14,431668.0,2023-06-08
5361,37,130,13,51179.35,2023-12-03
5365,1,135,5,8223.0,2024-08-06
5370,18,16,5,150030.0,2024-09-07
5371,42,29,7,255572.0,2024-12-01
5374,42,90,1,75142.15,2023-03-05
5377,4,67,3,244498.65,2023-08-08
5378,35,55,14,1539821.0,2023-11-01
5379,35,53,1,53675.0,2024-07-10
5382,11,12,14,36258.65,2023-11-08
5384,1,42,8,47943.0,2024-08-10
5400,19,106,2,8331.5,2024-04-07
5409,49,60,5,516567.25,2024-12-07
5415,31,79,6,377036.95,2023-05-08
5426,43,137,5,16927.0,2024-07-07
5432,41,114,5,3996.0,2023-02-11
5434,10,18,4,100975.5,2023-07-01
5436,21,133,1,1798.35,2023-10-04
5446,39,142,7,5495.75,2024-10-11
5448,28,113,1,4175.25,2024-12-12
5450,26,85,5,183249.3,2024-11-02
5455,12,132,2,3126.0,2024-02-06
5461,14,36,4,85885.7,2024-10-10
5465,17,106,12,52618.0,2024-12-05
5468,25,118,9,38836.0,2023-08-06
5477,29,93,13,1240890.95,2023-01-05
5485,2,76,3,422365.25,2024-03-06
5494,15,100,12,1192442.85,2024-09-01
5497,18,98,10,753930.45,2023-05-12
5502,3,13,14,103036.05,2024-01-05
5504,23,140,9,26800.45,2023-05-05
5506,37,141,4,19127.0,2024-11-03
5514,45,33,5,31900.05,2023-04-04
5519,4,30,9,290231.0,2024-07-10
5523,12,36,15,339021.0,2024-07-11
5525,23,17,15,210582.0,2024-03-02
5532,7,84,7,303967.0,2024-10-10
5537,3,116,11,28331.0,2023-05-06
5538,38,122,10,12563.75,2024-04-12
5544,18,133,4,7192.45,2023-10-03
5545,4,23,7,74337.5,2024-07-01
5550,32,12,10,27262.0,2023-07-02
5555,47,120,6,18747.0,2023-12-02
5557,15,87,8,534879.0,2023-04-08
5559,25,90,7,553681.0,2023-09-04
5560,28,75,3,93389.75,2024-03-06
5564,3,143,3,13309.0,2023-07-02
5573,46,128,13,60459.0,2023-09-12
5577,27,44,4,41065.65,2023-02-11
5579,13,146,3,1488.0,2023-12-11
5581,12,109,4,2491.0,2023-10-09
5587,38,94,2,81502.0,2023-10-04
5590,31,48,10,139995.8,2024-04-08
5596,3,109,15,9340.0,2024-04-08
5597,49,125,10,32319.95,2023-06-10
5606,12,131,4,3854.0,2024-01-10
5609,37,131,10,9154.2,2023-07-09
5614,31,93,2,190906.3,2024-03-10
5619,6,74,6,519351.0,2024-09-06
5620,32,105,12,3528.3,2023-06-07
5621,6,31,13,107680.0,2023-07-06
5624,36,28,15,213878.0,2024-12-10
5626,38,57,2,237581.0,2023-11-07
5630,6,6,4,47281.0,2023-11-08
5635,20,141,11,49970.0,2023-10-03
5640,35,120,15,44523.65,2024-03-11
5642,28,69,11,473019.25,2024-07-11
5644,17,87,11,698686.05,2024-05-09
5654,5,20,5,146458.65,2024-05-06
5670,28,26,9,147771.55,2023-08-04
5679,44,148,15,68193.85,2023-09-11
5686,17,87,2,133720.0,2023-02-06
5688,33,49,2,25201.6,2023-05-08
5694,12,7,10,185428.6,2024-08-02
5701,48,54,15,1731870.9,2023-11-04
5706,29,79,7,439876.6,2023-12-01
5711,6,20,6,185001.0,2024-04-02
5716,43,5,7,157398.85,2024-10-08
5719,22,120,10,29682.75,2024-12-08
5750,48,122,8,10580.0,2023-09-02
5751,49,116,7,17127.55,2024-08-06
5763,20,22,4,157811.0,2023-09-04
5772,10,73,14,1904027.05,2023-06-03
5775,16,39,8,237063.0,2023-03-01
5788,28,115,12,9468.65,2024-07-02
5790,30,21,7,58084.9,2024-07-01
5794,25,38,6,150828.65,2024-03-10
5795,12,51,2,128318.0,2023-10-03
5799,4,11,6,217391.0,2024-12-03
5801,19,144,6,13285.0,2023-06-10
5803,48,127,3,4648.0,2024-12-02
5816,41,5,8,189352.0,2023-05-10
5818,23,50,5,56380.0,2023-11-09
5825,15,84,5,206263.05,2024-10-04
5831,17,51,8,513272.0,2023-09-08
5838,45,49,8,106114.0,2023-12-10
5846,6,93,7,703339.0,2023-07-11
5847,17,94,2,81502.0,2024-08-06
5849,15,3,4,34292.15,2024-11-12
5873,9,71,9,1112988.65,2024-03-01
5875,14,114,3,2278.1,2024-08-01
5881,9,32,11,137527.0,2023-07-12
5885,9,123,3,7914.45,2023-12-10
5898,49,21,3,26204.0,2023-06-04
5900,26,31,8,66265.0,2024-01-01
5937,39,148,1,4786.0,2023-11-03
5938,37,81,11,1276451.35,2023-04-01
5940,7,47,2,12246.0,2023-04-09
5941,35,48,6,83997.1,2024-04-03
5942,15,121,11,40637.0,2023-06-04
5952,8,72,9,896982.0,2024-06-08
5959,17,38,12,317534.0,2023-09-10
5969,9,70,9,309199.0,2024-09-01
5973,40,129,11,34131.6,2024-03-06
5974,36,69,11,473019.25,2024-09-02
5979,22,10,8,256264.0,2024-05-05
5982,39,85,12,439796.8,2024-02-09
5984,5,139,6,8121.55,2023-08-06
5987,24,34,10,49175.0,2024-11-06
5989,6,139,8,10829.05,2024-03-11
5990,23,138,4,15895.4,2024-10-10
5993,9,73,5,715800.0,2024-01-09
5998,36,115,9,7475.0,2024-02-09
6010,27,136,1,1875.3,2023-06-06
6022,22,119,2,6512.0,2023-10-04
6025,48,143,4,16858.7,2023-01-11
6026,7,77,13,552102.95,2024-12-08
6033,5,78,2,231346.85,2024-03-02
6036,29,136,4,7499.3,2024-12-11
6042,30,113,13,57134.0,2023-03-04
6051,19,86,5,467616.0,2023-06-08
6060,25,39,6,177797.0,2024-11-02
6064,29,47,15,87251.8,2024-12-02
6078,33,142,9,7066.1,2024-03-12
6082,25,8,11,52084.7,2024-04-07
6090,48,107,3,4540.0,2024-01-11
6093,6,64,10,1115056.0,2023-01-02
6101,9,49,10,126009.9,2024-05-01
6102,4,137,3,9648.2,2023-07-03
6118,23,97,5,676675.0,2024-06-10
6120,27,22,3,118359.0,2023-11-01
6123,20,92,6,506468.75,2024-10-02
6127,34,44,9,97262.0,2024-04-12
6129,46,105,15,4643.0,2024-06-05
6142,44,13,10,73597.45,2023-01-11
6155,33,26,14,241965.0,2024-12-06
6160,18,86,2,187046.0,2023-05-08
6165,25,54,11,1336883.0,2023-12-11
6168,3,132,13,20319.0,2023-06-10
6171,23,150,1,1646.0,2023-06-05
6173,49,45,4,39615.0,2023-11-01
6175,36,50,13,146588.0,2023-01-02
6178,47,98,15,1190417.0,2023-08-03
6179,9,127,3,4415.6,2024-09-03
6183,10,69,9,407385.0,2024-04-10
6184,13,11,4,137681.6,2024-01-02
6198,5,73,10,1360019.05,2023-06-04
6204,27,56,8,326714.5,2024-07-06
6207,30,120,5,15622.0,2023-08-01
6214,11,115,9,7475.0,2023-03-04
6218,41,33,12,80589.0,2024-07-05
6243,28,117,15,61545.0,2024-01-10
6246,49,95,3,209424.0,2024-06-12
6249,26,95,4,279232.0,2024-02-02
6250,8,149,4,4421.3,2023-08-07
6255,14,144,10,22141.0,2024-03-04
6256,34,120,11,32650.55,2024-08-01
6263,8,63,6,797758.7,2024-06-04
6268,48,95,12,837696.0,2023-06-12
6278,23,14,10,340205.45,2023-01-09
6283,15,150,14,21887.05,2024-10-04
6295,32,46,11,54821.0,2023-04-02
6298,35,65,5,127788.0,2024-07-08
6299,30,111,3,12856.0,2024-03-10
6303,6,116,8,19573.8,2023-10-10
6311,11,114,3,2278.1,2023-08-05
6315,26,120,8,24996.0,2023-02-08
6316,41,99,9,917130.0,2024-04-06
6319,8,65,3,76673.0,2024-06-11
6321,2,143,13,57674.0,2024-10-09
6323,46,89,14,1046418.35,2023-08-04
6324,34,46,11,54821.0,2024-04-04
6325,8,2,8,111985.0,2024-07-02
6328,43,94,8,326007.0,2024-03-07
6331,21,28,2,27091.15,2024-01-02
6350,1,3,3,27073.0,2024-05-10
6351,9,126,3,8031.0,2023-12-03
6354,19,22,10,374802.55,2024-11-06
6365,32,17,4,53347.25,2023-04-12
6367,5,42,3,17080.05,2023-10-07
6371,16,35,11,115007.95,2023-12-06
6373,19,23,1,10620.05,2024-05-10
6376,46,82,14,722877.0,2023-10-11
6382,16,33,13,82939.75,2023-05-12
6387,22,112,12,24862.45,2024-10-12
6390,21,100,2,198740.0,2023-05-08
6392,28,141,12,54512.9,2023-05-11
6396,41,13,10,77471.0,2023-12-06
6405,19,87,8,508135.05,2024-04-04
6420,3,112,2,4362.0,2024-07-04
6425,43,54,4,486139.0,2023-04-11
6435,15,10,10,320330.0,2023-12-10
6437,34,59,7,579654.85,2024-06-09
6452,28,69,8,362120.0,2023-06-07
6459,3,91,8,1079088.0,2023-02-01
6462,1,16,6,180036.0,2023-10-04
6473,28,112,2,4143.9,2023-06-05
6477,46,29,5,182552.0,2023-05-07
6479,25,18,9,227194.4,2023-10-12
6497,11,137,5,16927.0,2023-12-03
6508,4,147,4,11514.0,2024-05-07
6513,2,124,11,41469.0,2023-01-11
6514,1,41,12,127200.0,2024-05-04
6522,36,113,4,17580.0,2023-08-11
6527,40,116,9,23180.0,2023-09-11
6534,1,29,10,346847.85,2023-11-09
6537,33,136,3,5624.0,2023-09-04
6539,19,100,5,523001.0,2024-12-02
6544,5,128,13,60459.0,2023-10-06
6546,33,94,9,366758.0,2023-09-05
6553,47,116,10,25755.0,2024-05-02
6562,46,44,9,97262.0,2023-08-11
6572,24,66,3,35829.25,2023-05-01
6576,22,135,6,9373.65,2024-01-09
6583,25,9,9,357350.0,2024-01-11
6586,5,50,1,11276.0,2024-03-07
6587,42,128,8,35345.7,2023-06-07
6590,2,134,2,9435.0,2023-04-10
6591,46,9,6,238233.0,2023-01-09
6594,49,39,7,197058.5,2023-06-02
6595,8,56,14,601843.0,2023-04-06
6600,42,138,9,35764.65,2023-10-08
6615,3,18,14,353413.3,2024-05-12
6617,26,57,6,712743.0,2024-08-01
6620,2,55,13,1429834.0,2023-04-09
6624,13,20,6,185001.0,2024-12-04
6628,30,18,4,100975.5,2023-09-03
6633,27,126,11,27975.6,2024-10-09
6639,34,119,8,24744.65,2024-07-03
6651,8,4,9,30437.0,2024-06-09
6664,12,20,11,339168.0,2024-05-02
6665,17,2,3,39894.3,2024-01-12
6667,30,133,5,8990.8,2023-07-03
6676,30,50,7,78932.0,2024-04-05
6683,36,18,14,353413.3,2023-06-11
6691,43,67,7,600523.0,2024-06-09
6692,27,99,7,713323.65,2024-09-08
6695,38,2,4,53193.35,2024-08-09
6699,14,101,11,4842.15,2023-08-09
6715,7,60,8,870009.0,2023-01-04
6719,22,50,2,22552.0,2024-04-06
6728,49,61,3,79853.2,2024-11-05
6732,13,123,13,36102.0,2023-12-05
6736,7,6,4,44916.95,2024-08-10
6754,17,135,8,12498.2,2024-11-06
6759,27,31,8,66265.0,2024-08-03
6765,25,140,15,47019.0,2023-06-02
6768,1,11,4,144928.0,2023-04-01
6775,41,18,4,106290.0,2023-03-07
6778,17,48,6,83997.1,2024-12-10
6781,3,110,4,9482.9,2024-05-11
6783,36,63,10,1399577.0,2023-03-04
6794,12,116,5,12878.0,2023-02-03
6795,49,96,8,536718.65,2023-01-06
6801,46,21,1,8298.25,2023-02-06
6805,24,49,8,100808.3,2024-08-07
6806,38,126,10,25432.45,2023-10-03
6809,24,111,3,12213.2,2024-07-06
6814,27,148,13,59101.4,2023-01-07
6825,15,48,2,27999.35,2023-07-05
6835,41,135,7,11512.0,2024-03-09
6843,17,129,15,46543.35,2023-06-06
6850,33,79,14,926056.0,2024-03-01
6851,2,26,14,229866.75,2023-06-06
6858,5,84,4,173696.0,2024-09-03
6859,8,87,5,317585.0,2023-03-07
6860,11,49,2,25201.6,2023-09-10
6864,3,29,3,104054.45,2023-06-04
6865,31,77,11,491751.0,2024-10-12
6869,32,47,4,23267.4,2023-01-09
6871,36,139,7,9475.3,2023-09-11
6878,45,61,1,26618.05,2024-06-01
6892,48,26,2,32837.7,2024-12-08
6895,18,87,13,825720.05,2023-07-02
6896,39,65,7,169958.8,2024-11-09
6898,41,138,13,54380.0,2023-12-07
6899,37,105,1,294.5,2023-08-09
6903,40,55,5,522439.2,2024-08-04
6908,31,72,3,298994.0,2023-04-04
6931,47,118,6,24596.45,2024-01-12
6934,49,104,2,7054.7,2024-08-06
6944,16,116,9,23180.0,2024-04-12
6945,40,132,14,20787.9,2023-04-06
6947,19,1,7,220265.1,2023-12-01
6952,9,80,1,122762.8,2023-07-11
6955,48,134,12,56611.0,2024-03-04
6963,17,85,8,293198.5,2024-08-12
6965,3,11,15,543479.0,2023-04-08
6966,28,74,15,1298378.0,2023-03-01
6969,19,63,8,1119661.0,2024-12-09
6972,20,140,11,34480.0,2024-04-01
6978,7,15,12,318057.15,2024-12-07
6985,24,52,13,169245.35,2023-05-05
6987,45,7,8,148342.5,2024-03-05
6992,34,43,9,315872.0,2023-08-05
7012,37,71,7,865657.1,2024-11-05
7013,18,1,14,440529.25,2023-02-10
7014,34,97,5,676675.0,2024-10-06
7018,44,64,15,1588953.85,2023-08-03
7022,5,144,11,23138.2,2023-05-02
7025,10,28,6,81273.45,2023-08-10
7026,3,90,5,375712.65,2024-03-08
7028,10,4,10,32128.05,2024-05-09
7031,25,35,8,83641.8,2023-04-03
7036,30,11,8,275362.25,2024-01-02
7037,37,83,10,1348039.0,2024-06-09
7039,35,27,2,33023.0,2023-10-04
7041,4,39,10,281511.6,2024-10-12
7042,38,72,4,378726.05,2023-11-10
7055,49,36,13,293818.0,2024-06-07
7060,32,100,13,1291812.85,2024-10-10
7061,49,25,5,60632.0,2024-07-02
7062,3,24,11,255554.0,2024-02-10
7063,33,88,3,137758.55,2023-11-09
7064,36,35,11,115007.95,2024-01-05
7071,33,136,8,14998.6,2024-04-05
7072,13,142,6,4958.0,2023-03-03
7076,49,95,2,139616.0,2024-12-07
7079,26,29,11,381533.3,2023-02-04
7081,42,29,3,104054.45,2023-12-07
7082,41,140,6,17866.65,2023-02-01
7087,38,19,12,187328.6,2024-04-10
7093,6,72,14,1395305.0,2023-02-10
7101,45,16,8,240048.0,2023-12-09
7111,47,80,12,1473151.7,2024-04-03
7112,33,15,8,212038.1,2024-10-05
7113,15,124,15,56549.0,2024-02-05
7117,20,98,13,1031695.0,2023-03-08
7118,28,98,11,829323.4,2023-01-07
7134,14,43,3,105291.0,2024-01-04
7135,27,26,5,82095.2,2024-02-11
7136,15,120,12,35619.3,2023-11-09
7138,33,27,2,33023.0,2024-04-01
7142,3,43,3,100026.45,2023-10-10
7144,27,38,6,150828.65,2024-01-02
7151,35,80,3,387672.0,2024-08-12
7152,10,91,13,1753518.0,2024-08-07
7154,23,6,7,78603.95,2024-07-08
7155,26,118,3,12945.0,2024-04-05
7160,18,97,15,2030026.0,2024-09-09
7164,28,109,5,2958.3,2024-12-01
7167,42,135,10,16445.0,2023-02-11
7175,2,20,9,277501.0,2023-01-11
7176,13,137,7,23698.0,2024-07-12
7177,11,132,12,18756.0,2023-10-05
7181,23,136,7,13123.3,2023-12-12
7183,47,71,2,247330.6,2023-12-04
7201,11,134,13,58262.55,2024-04-11
7205,15,70,8,274843.0,2023-10-11
7209,27,41,7,74200.0,2024-10-03
7210,43,3,15,128594.85,2024-05-10
7220,37,25,6,69121.05,2024-09-08
7226,24,26,1,17283.0,2023-03-01
7232,25,34,9,42045.1,2024-04-01
7235,5,122,1,1322.0,2023-03-03
7236,43,28,13,185361.0,2023-04-06
7237,7,121,13,45624.7,2023-03-04
7247,43,88,15,688794.65,2024-10-12
7249,39,111,2,8141.5,2024-11-01
7250,2,71,8,1041392.0,2024-05-02
7257,35,20,12,351500.95,2024-10-01
7258,19,35,5,55028.0,2023-12-09
7259,44,74,15,1298378.0,2023-05-07
7261,22,94,13,529761.0,2023-02-06
7262,5,103,13,22096.05,2024-08-09
7267,35,24,9,198635.5,2024-10-04
7272,45,108,14,44496.1,2024-04-12
7273,35,51,14,898226.0,2024-06-05
7282,16,129,2,6205.4,2024-08-06
7286,48,106,1,4385.0,2024-07-12
7287,10,26,7,120982.0,2024-01-07
7290,37,128,6,26508.8,2024-11-04
7292,29,84,4,165011.2,2023-09-08
7297,48,122,14,18515.0,2023-08-12
7300,22,132,13,19303.05,2024-08-08
7310,19,137,9,28945.55,2024-01-02
7311,7,26,4,69133.0,2024-09-01
7320,1,119,8,24744.65,2023-11-03
7332,36,13,9,69724.0,2023-07-05
7333,13,120,1,3124.0,2023-09-09
7336,25,31,11,91114.0,2023-10-06
7337,18,136,13,25656.0,2024-03-09
7341,35,44,9,92398.9,2023-01-09
7343,25,21,7,61142.0,2023-08-03
7344,22,97,2,257136.5,2023-12-10
7355,48,108,14,46838.0,2024-02-06
7363,43,68,9,571970.3,2023-08-12
7365,19,142,12,9421.15,2023-08-10
7367,16,17,1,14039.0,2023-01-10
7372,29,119,1,3256.0,2024-03-02
7373,6,149,14,16291.0,2024-01-12
7380,2,49,14,185700.0,2023-07-08
7399,47,110,9,21337.0,2024-09-04
7408,15,124,14,52779.0,2024-07-02
7423,25,67,15,1286836.0,2023-08-02
7425,3,48,5,69997.9,2023-11-07
7429,32,67,15,1286836.0,2023-09-12
7430,7,109,15,9340.0,2023-07-12
7434,15,45,7,69326.0,2024-11-08
7435,26,11,2,72464.0,2024-06-10
7445,32,25,2,23040.35,2024-01-06
7451,28,45,2,18816.65,2023-04-04
7461,34,102,5,3952.0,2023-10-03
7469,32,117,3,11693.55,2023-05-03
7473,42,4,10,33819.0,2023-08-07
7480,45,122,8,10051.0,2024-02-02
7494,27,105,5,1548.0,2023-11-03
7497,40,40,6,85104.0,2023-01-09
7500,19,128,14,65110.0,2023-11-06
7504,24,105,14,4117.3,2024-12-03
7509,41,14,5,170102.25,2024-02-10
7517,18,57,12,1354212.65,2024-12-03
7531,29,150,13,20324.3,2024-11-05
7534,42,29,4,146041.0,2023-08-03
7536,10,36,11,248615.0,2024-06-07
7540,36,62,6,613332.0,2023-10-10
7543,28,56,7,285874.95,2024-05-04
7550,30,146,7,3298.4,2024-10-12
7552,41,80,4,516895.0,2024-11-09
7564,45,94,14,570512.0,2023-01-03
7567,8,7,13,253744.0,2024-09-03
7570,15,110,12,29946.0,2023-07-11
7571,43,51,14,898226.0,2024-10-09
7583,7,6,1,11229.0,2024-07-07
7584,30,77,10,424694.65,2023-05-06
7594,29,116,6,14680.35,2024-09-03
7604,4,37,4,24271.0,2023-09-01
7606,22,142,12,9421.15,2024-07-06
7609,33,32,7,87517.0,2024-12-05
7610,28,23,5,53098.35,2023-08-03
7618,14,126,3,7629.45,2024-05-03
7623,28,136,12,23682.0,2023-09-08
7624,10,56,5,204196.8,2024-04-10
7628,21,116,2,4893.45,2023-08-02
7629,16,146,7,3298.4,2023-09-06
7635,41,127,8,11775.25,2023-06-08
7642,38,9,15,565802.9,2023-08-09
7649,49,18,5,132862.0,2023-05-03
7650,20,89,9,708102.0,2024-09-10
7654,4,62,12,1226664.0,2024-03-01
7656,21,143,1,4214.2,2023-08-08
7668,32,18,1,26572.0,2023-10-05
7669,9,70,8,274843.0,2023-11-12
7671,2,101,4,1854.0,2023-04-02
7672,33,89,9,672696.9,2023-09-05
7676,23,138,3,12549.0,2024-11-08
7677,11,61,13,364242.0,2023-04-01
7679,28,139,10,13536.55,2024-03-03
7680,25,143,14,62110.0,2024-03-09
7683,14,104,13,48269.0,2023-03-02
7687,29,120,2,6249.0,2023-02-02
7689,10,116,8,20604.0,2024-01-05
7693,23,38,9,238150.0,2024-10-12
7695,26,55,6,659923.0,2023-03-12
7696,42,8,2,9968.0,2024-09-06
7704,35,38,3,79383.0,2024-03-04
7709,35,145,14,60898.0,2024-05-03
7711,38,149,15,17454.0,2024-06-07
7718,34,126,1,2543.15,2023-11-05
7719,4,92,1,84411.3,2023-09-09
7720,1,38,12,317534.0,2023-12-01
7723,39,17,15,200052.9,2023-05-04
7726,7,24,7,162625.0,2024-11-11
7728,37,97,4,514273.0,2023-07-03
7731,47,141,11,52600.0,2024-08-12
7737,25,144,6,12620.75,2023-06-04
7743,28,13,2,15494.0,2023-08-10
7750,15,42,4,23971.0,2024-06-09
7752,41,29,1,36510.0,2023-03-08
7756,14,12,14,38167.0,2023-09-11
7760,11,8,15,71023.9,2023-09-10
7764,8,85,8,293198.5,2024-07-12
7767,32,59,9,745270.25,2023-03-12
7772,34,98,4,317445.0,2023-08-08
7777,26,25,11,126721.45,2023-02-01
7779,29,80,1,129224.0,2023-10-03
7780,34,30,15,459532.1,2024-09-08
7783,22,13,10,77471.0,2023-07-03
7798,36,110,2,4741.45,2024-08-07
7801,26,59,8,697329.0,2024-09-04
7804,37,115,4,3155.9,2023-12-12
7807,8,25,12,145518.0,2023-08-10
7808,13,90,10,790973.0,2023-06-05
7810,9,11,2,68840.8,2024-08-07
7835,16,29,5,173424.4,2024-07-12
7836,42,18,9,227194.4,2023-06-11
7854,14,36,11,236184.25,2024-05-11
7860,48,96,5,353104.0,2023-05-09
7864,15,136,8,14998.6,2023-09-11
7865,17,16,1,30006.0,2024-10-08
7869,1,107,4,5751.3,2024-05-06
7880,27,78,9,1095854.0,2024-08-03
7881,19,120,9,28120.0,2024-02-11
7882,49,6,14,157208.85,2023-10-04
7883,37,124,13,49009.0,2024-04-04
7885,46,85,13,476446.85,2024-06-03
7888,27,20,6,175750.95,2023-06-08
7899,41,78,7,809714.45,2023-02-01
7901,10,23,10,111786.0,2023-05-02
7912,40,46,5,24919.0,2024-12-05
7923,26,72,10,996646.0,2023-12-12
7924,8,36,9,203413.0,2024-04-01
7926,43,29,3,104054.45,2023-12-09
7927,17,53,9,483075.0,2023-12-08
7931,41,104,15,52910.25,2024-12-08
7935,32,84,14,607934.0,2024-02-04
7938,38,80,7,859338.65,2024-03-08
7945,32,76,13,1830248.15,2023-01-07
7958,31,1,9,298103.0,2024-02-06
7969,48,52,6,78113.75,2023-11-08
7970,32,50,10,107122.0,2023-07-02
7971,4,80,7,904567.0,2024-01-12
7972,43,100,6,596220.95,2023-02-02
7975,9,108,10,33456.0,2023-12-05
7981,12,107,11,16647.0,2024-02-04
7982,41,32,11,137527.0,2023-05-09
7986,33,45,6,56450.9,2024-12-01
7996,2,119,10,32558.0,2024-11-01
7998,31,149,4,4654.0,2023-12-09
7999,43,43,8,266736.25,2024-04-10
8004,1,84,4,173696.0,2023-03-05
8007,17,127,8,11775.25,2024-06-10
8009,2,114,1,799.0,2023-01-05
8013,41,117,2,8206.0,2023-04-05
8014,30,110,8,19964.0,2023-08-02
8017,43,73,15,2147399.0,2023-12-10
8026,13,71,1,123665.3,2024-05-02
8028,44,36,1,21470.95,2024-12-03
8030,42,34,1,4918.0,2024-11-04
8033,39,39,11,309662.95,2024-02-10
8042,23,9,8,301761.8,2023-06-07
8045,28,27,8,132092.0,2023-02-02
8054,6,33,2,12760.4,2023-09-12
8060,2,130,2,8288.0,2023-12-06
8068,11,13,5,38736.0,2023-06-10
8073,19,65,8,194238.9,2024-05-12
8080,32,105,2,619.0,2023-09-09
8093,13,73,10,1360019.05,2023-02-03
8095,27,122,14,17589.25,2023-12-12
8097,34,128,5,23254.0,2023-06-01
8105,28,115,11,8679.2,2023-06-03
8113,10,8,1,4734.8,2023-12-05
8119,1,35,8,88044.0,2024-07-05
8120,1,56,13,530911.3,2024-10-08
8124,4,71,13,1607649.85,2024-03-02
8126,21,23,14,156501.0,2023-11-08
8133,46,11,2,72464.0,2024-10-09
8134,9,40,1,13474.8,2023-12-07
8141,29,105,7,2058.65,2024-05-04
8149,11,56,7,285874.95,2024-09-05
8154,40,12,5,12949.45,2024-11-04
8156,46,83,12,1617647.0,2023-01-02
8158,29,29,3,109531.0,2024-10-04
8161,2,20,4,117167.3,2023-11-12
8168,36,99,11,1179933.0,2024-05-04
8169,26,64,15,1672583.0,2023-02-09
8170,37,130,10,41441.0,2024-09-06
8172,46,72,12,1136177.2,2023-03-01
8177,26,115,2,1577.95,2023-07-05
8183,11,61,9,239559.6,2024-08-08
8188,4,130,2,8288.0,2024-03-08
8191,25,126,11,29448.0,2024-09-03
8195,11,133,1,1893.0,2024-03-10
8199,38,92,6,533125.0,2024-05-05
8200,41,106,10,43849.0,2024-02-09
8203,35,67,3,244498.65,2023-03-05
8211,14,67,3,257367.0,2023-01-01
8213,42,96,12,805077.5,2023-05-05
8215,10,33,15,100737.0,2023-09-09
8219,31,63,2,279915.0,2024-06-07
8222,40,21,11,91276.0,2023-08-06
8225,21,15,8,223198.0,2024-04-01
8230,25,32,13,162532.0,2023-01-05
8231,6,138,6,23843.1,2023-08-11
8233,49,99,1,101903.65,2023-01-03
8238,49,125,3,10206.0,2023-03-10
8244,21,2,5,69991.0,2023-05-06
8245,22,139,1,1353.75,2023-09-05
8248,3,90,13,976851.75,2024-10-04
8256,12,11,7,240941.85,2023-08-09
8260,24,24,13,286917.1,2023-03-06
8261,9,97,6,771409.5,2024-07-11
8271,49,126,6,15258.9,2024-08-01
8276,41,48,10,147364.0,2023-05-04
8288,14,124,9,32232.55,2024-10-07
8294,16,146,12,5952.0,2023-11-12
8296,36,101,14,6488.0,2023-05-06
8300,48,65,10,242798.15,2024-04-01
8302,13,7,4,78075.0,2023-10-10
8307,3,60,4,435004.0,2023-02-06
8309,46,72,10,996646.0,2024-01-07
8317,10,96,15,1059313.0,2023-06-03
8322,3,23,9,95577.6,2024-11-05
8323,9,106,5,20827.8,2024-12-09
8324,20,35,14,146373.15,2024-08-07
8329,6,61,14,392261.0,2023-08-03
8334,28,40,3,42552.0,2023-05-01
8343,14,20,8,234334.6,2023-04-01
8352,44,96,2,141242.0,2023-02-07
8353,14,121,10,36943.0,2024-12-11
8354,1,26,9,147771.55,2024-07-05
8355,37,132,12,17818.2,2023-05-05
8358,49,65,2,51115.0,2023-10-04
8359,44,150,14,21887.05,2023-10-01
8369,9,125,5,17010.0,2024-09-03
8376,2,92,14,1181759.15,2023-07-03
8378,21,36,15,339021.0,2023-03-01
8381,16,66,13,163431.0,2023-12-01
8383,47,127,5,7747.0,2024-10-11
8390,23,137,9,30469.0,2023-05-02
8395,31,56,1,40839.55,2023-02-04
8396,48,128,8,37206.0,2023-12-04
8398,1,121,9,31585.6,2023-08-06
8413,43,121,2,7019.55,2023-08-12
8430,8,67,14,1140994.65,2023-05-05
8431,2,140,4,12538.0,2023-02-12
8432,32,72,2,189362.55,2023-10-01
8433,46,42,10,56931.6,2023-03-06
8435,29,71,14,1822437.0,2023-04-03
8441,22,105,12,3528.3,2024-06-11
8442,37,65,5,127788.0,2023-02-06
8452,11,148,1,4786.0,2024-12-07
8460,45,106,5,21924.0,2024-10-02
8461,28,40,14,188648.15,2023-02-05
8467,13,34,10,49175.0,2023-05-12
8480,8,17,12,160041.75,2024-08-08
8487,19,117,15,58467.75,2024-12-03
8490,31,83,9,1213235.0,2023-12-08
8494,26,3,12,108290.0,2023-12-10
8498,24,136,2,3749.65,2023-10-05
8503,2,116,3,7340.65,2024-06-11
8520,49,1,15,496838.0,2023-10-06
8522,4,80,10,1292238.0,2024-08-10
8525,36,15,8,223198.0,2023-02-03
8533,36,111,3,12213.2,2024-02-05
8534,13,19,9,140496.45,2023-03-07
8540,38,114,7,5595.0,2023-11-12
8542,45,70,4,137422.0,2024-07-12
8544,43,130,7,27558.55,2024-07-11
8554,31,73,12,1632023.05,2023-09-01
8558,38,13,1,7359.65,2024-04-03
8560,48,142,12,9917.0,2023-11-01
8561,33,4,7,23673.0,2024-08-03
8562,25,135,14,21871.85,2023-04-05
8569,23,145,9,39149.0,2024-03-01
8573,16,36,1,21470.95,2024-06-04
8592,19,118,8,34521.0,2023-06-09
8602,29,35,13,135918.4,2023-03-08
8604,41,99,8,815226.35,2023-08-10
8610,31,31,11,91114.0,2024-01-06
8615,29,17,14,186715.85,2023-10-07
8616,28,116,7,17127.55,2024-07-10
8624,34,18,12,302925.55,2024-07-02
8626,25,37,5,30339.0,2024-11-01
8628,7,79,12,793762.0,2023-06-05
8632,15,115,13,10258.1,2023-04-10
8633,21,122,13,16332.4,2023-02-08
8651,3,96,2,134179.9,2024-05-05
8653,33,100,9,894331.9,2024-04-10
8654,34,109,10,6227.0,2024-01-10
8657,27,122,9,11902.0,2024-10-05
8659,26,84,8,330021.45,2023-12-07
8661,32,52,4,54816.0,2023-12-04
8662,34,11,14,481884.65,2023-09-04
8663,20,124,9,32232.55,2023-08-02
8674,10,54,3,346373.8,2024-03-06
8676,38,144,7,15499.0,2024-06-11
8680,27,100,6,596220.95,2024-02-02
8691,14,11,11,398551.0,2023-10-06
8693,26,103,11,18696.95,2023-11-04
8699,47,119,9,29302.0,2023-07-12
8700,31,23,12,134144.0,2023-04-10
8708,38,55,5,522439.2,2023-10-04
8709,40,27,11,172544.7,2023-05-12
8711,41,22,9,337322.2,2023-04-02
8713,29,114,7,5315.25,2023-09-06
8720,28,58,7,723683.4,2024-09-11
8725,34,48,14,206309.0,2023-06-09
8736,23,13,2,15494.0,2024-01-01
8737,34,19,6,98594.0,2024-03-11
8739,33,33,7,44659.5,2024-07-02
8741,32,73,6,816012.0,2024-11-03
8760,39,47,9,55107.0,2023-09-05
8766,8,94,8,309706.65,2024-12-10
8769,3,103,3,5099.6,2024-10-06
8771,45,79,4,251357.65,2024-03-08
8773,35,53,12,611895.0,2024-03-06
8798,37,90,7,553681.0,2024-07-06
8799,40,30,1,30635.6,2024-08-09
8800,9,127,15,22078.0,2023-12-09
8809,11,35,12,132066.0,2023-03-03
8816,33,50,8,90208.0,2023-08-02
8819,11,6,14,165483.0,2024-07-06
8822,35,66,11,138288.0,2023-02-05
8826,35,46,8,37876.5,2023-04-11
8835,46,55,1,104487.65,2023-11-09
8840,43,73,12,1717919.0,2023-05-03
8843,3,67,12,977995.55,2024-06-06
8845,21,97,14,1799956.45,2024-11-06
8851,45,86,6,561139.0,2024-01-10
8852,16,113,8,35160.0,2023-07-07
8859,13,23,15,159295.05,2024-01-03
8860,1,31,11,86558.3,2024-02-02
8861,10,76,13,1926577.0,2023-12-04
8862,2,17,4,56155.0,2023-05-07
8887,5,139,8,10829.05,2024-09-01
8891,16,143,11,46360.95,2023-01-06
8893,35,18,7,176706.65,2023-03-02
8894,44,76,14,2074775.0,2024-11-08
8896,36,30,11,336990.65,2023-05-05
8908,13,22,3,118359.0,2023-05-09
8909,48,91,12,1537700.4,2024-06-06
8913,43,54,10,1215348.0,2024-01-05
8922,41,96,11,776829.0,2024-10-02
8923,41,70,1,34355.0,2023-03-07
8925,6,47,15,91844.0,2024-07-02
8930,26,5,2,44971.1,2023-05-09
8962,40,22,2,78906.0,2023-06-05
8972,25,69,5,226325.0,2023-01-06
8977,41,27,8,132092.0,2024-10-06
8985,5,60,11,1136448.9,2024-02-10
8987,34,63,8,1063677.95,2024-05-02
9001,40,55,8,879898.0,2024-03-11
9003,16,144,1,2214.0,2023-09-02
9005,27,69,10,452650.0,2024-02-05
9015,10,87,9,571652.05,2023-09-08
9017,37,44,12,129682.0,2023-04-05
9022,8,5,14,314797.7,2024-06-07
9037,9,17,3,40010.2,2024-08-11
9041,8,48,8,117891.0,2023-08-04
9045,12,96,8,564967.0,2024-01-05
9049,11,5,5,118345.0,2023-09-05
9054,48,128,3,13254.4,2024-06-02
9056,29,2,1,13298.1,2024-04-05
9058,24,45,3,29711.0,2024-12-04
9059,2,26,12,207398.0,2024-02-10
9078,4,1,8,251731.0,2024-11-09
9096,16,31,8,62951.75,2023-07-06
9102,22,5,15,355035.0,2024-07-08
9103,33,28,2,28517.0,2023-01-08
9112,9,58,14,1523544.0,2023-03-02
9113,4,33,15,100737.0,2023-07-03
9117,20,71,15,1952611.0,2024-07-01
9119,32,132,3,4689.0,2023-01-04
9123,1,98,4,301572.75,2023-05-08
9129,42,32,10,118773.75,2023-07-01
9131,38,73,13,1861079.0,2023-12-12
9142,27,22,2,78906.0,2023-02-06
9148,29,107,13,19674.0,2024-02-07
9158,4,22,2,74960.7,2023-05-04
9160,4,125,3,10206.0,2024-10-09
9163,26,48,10,139995.8,2024-06-11
9166,16,89,11,865459.0,2023-02-05
9174,22,58,3,310150.3,2024-01-04
9176,4,132,15,23445.0,2024-11-09
9177,25,18,9,239152.0,2024-10-10
9181,2,100,15,1490553.8,2024-07-12
9184,43,149,3,3316.45,2023-10-06
9185,44,115,12,9967.0,2023-08-12
9195,27,65,9,218518.05,2023-06-06
9198,10,133,5,8990.8,2024-07-09
9199,49,66,6,75430.0,2023-12-04
9200,19,114,4,3037.15,2023-03-07
9203,15,5,13,292312.15,2024-08-12
9204,18,77,15,670570.0,2023-01-12
9213,21,60,15,1631266.0,2023-12-11
9214,24,22,12,473434.0,2023-06-12
9215,40,101,15,6951.0,2024-07-05
9217,41,3,8,72194.0,2023-12-01
9218,22,74,12,986767.85,2024-03-09
9219,34,60,7,761258.0,2024-10-11
9222,34,41,11,110770.0,2023-12-10
9230,36,23,14,148675.95,2023-10-12
9232,30,21,11,96080.0,2023-04-05
9236,46,136,12,22497.9,2023-11-12
9247,31,67,5,407497.75,2024-09-11
9254,11,131,14,12815.5,2024-03-04
9271,11,44,13,140489.0,2024-06-01
9273,40,56,10,408393.6,2023-12-03
9275,37,131,6,5492.9,2024-06-09
9277,15,81,9,1044369.2,2023-05-02
9282,31,21,6,52407.0,2023-12-05
9288,24,140,13,40750.0,2024-08-01
9293,27,122,7,9257.0,2023-09-12
9303,26,96,6,423725.0,2024-05-03
9307,13,92,2,177708.0,2023-12-12
9315,18,71,6,741991.8,2023-03-03
9316,4,45,11,103493.95,2024-10-01
9323,46,94,9,366758.0,2024-08-03
9337,38,92,3,266562.0,2023-11-07
9343,31,49,14,176415.0,2023-03-04
9346,17,124,3,10744.5,2023-10-11
9347,3,122,4,5290.0,2023-07-07
9359,18,66,9,113145.0,2024-10-04
9364,23,28,10,135456.7,2024-12-12
9365,44,106,10,41656.55,2024-03-09
9370,11,20,3,87875.0,2023-12-05
9371,35,42,9,51239.2,2024-03-04
9372,7,33,2,13432.0,2024-04-01
9377,16,18,9,227194.4,2023-06-01
9381,7,7,1,19519.0,2023-05-04
9382,16,132,11,16333.35,2024-01-05
9386,23,139,10,14249.0,2024-09-11
9400,43,41,1,10070.0,2023-06-12
9404,49,8,1,4734.8,2023-03-11
9407,6,138,7,27816.95,2023-05-11
9420,3,144,6,13285.0,2023-08-12
9422,21,14,11,393922.0,2023-07-11
9426,19,84,15,651358.0,2024-01-10
9437,45,18,6,159435.0,2023-05-08
9446,30,115,7,5523.3,2023-09-09
9449,36,118,5,21576.0,2023-07-07
9451,39,120,7,21871.0,2024-08-06
9461,47,64,10,1059303.2,2023-04-09
9466,29,31,15,124247.0,2023-08-05
9469,49,123,11,30548.0,2024-12-04
9474,19,42,11,62624.95,2023-02-09
9479,14,114,2,1519.05,2023-06-03
9482,35,50,9,101484.0,2023-05-10
9486,37,14,12,429733.0,2023-03-08
9488,47,85,13,501523.0,2023-02-02
9489,20,150,4,6583.0,2023-08-12
9492,42,118,11,47466.0,2024-05-12
9493,16,102,3,2371.2,2023-08-08
9497,14,43,6,210581.0,2023-10-01
9499,13,40,2,26949.6,2023-04-10
9500,46,125,10,32319.95,2024-06-09
9505,15,31,7,57982.0,2023-03-05
9506,40,143,12,53237.0,2024-05-09
9513,23,132,2,2969.7,2024-04-04
9517,37,85,7,270051.0,2023-10-06
9520,26,107,13,18690.3,2024-08-07
9521,45,139,10,13536.55,2024-08-06
9522,23,76,3,444595.0,2024-08-06
9528,27,123,1,2777.0,2023-11-12
9531,22,65,1,24280.1,2023-11-03
9533,19,139,12,17099.0,2023-05-05
9537,15,62,1,97110.9,2024-01-01
9542,43,76,3,444595.0,2023-01-11
9550,37,108,4,13382.0,2024-05-01
9551,45,133,9,16182.3,2024-11-08
9555,17,110,6,14973.0,2023-07-01
9567,46,140,14,41689.8,2024-04-11
9578,49,12,5,12949.45,2023-05-09
9579,6,34,2,9343.25,2024-08-01
9584,17,60,8,826508.55,2024-03-04
9587,2,58,5,544123.0,2023-06-03
9590,7,121,10,35095.85,2023-10-08
9591,44,130,15,59052.95,2023-03-03
9597,33,23,7,78250.0,2024-10-03
9606,4,100,12,1192442.85,2023-11-03
9607,15,2,11,153980.0,2023-11-01
9616,44,56,10,408393.6,2023-08-01
9617,42,110,12,29946.0,2023-10-04
9620,1,5,12,284028.0,2023-10-04
9622,33,100,4,418401.0,2024-08-08
9623,41,71,13,1692263.0,2024-05-08
9630,2,98,13,1031695.0,2024-08-12
9634,15,37,6,34585.7,2024-10-07
9639,43,118,11,47466.0,2023-08-03
9642,31,122,10,13225.0,2023-06-03
9657,38,32,9,112522.0,2024-07-01
9660,48,76,8,1126306.7,2024-08-03
9672,30,70,15,489564.45,2024-11-04
9675,8,98,6,476167.0,2024-10-12
9683,23,8,15,71023.9,2024-09-01
9684,16,67,14,1201047.0,2023-08-03
9694,27,14,2,71622.0,2024-05-04
9704,6,128,13,60459.0,2024-07-10
9716,33,82,5,245261.5,2024-05-02
9724,5,148,1,4546.7,2023-09-06
9726,35,129,6,18617.15,2024-08-07
9727,22,76,15,2222973.0,2024-08-07
9729,41,66,5,59715.1,2023-08-05
9731,49,50,6,67656.0,2024-08-11
9734,15,41,12,120840.0,2024-09-10
9735,20,34,4,18686.5,2024-09-10
9737,35,147,1,3030.0,2024-01-05
9747,33,34,1,4918.0,2023-05-06
9768,48,65,3,72839.35,2023-10-05
9772,15,65,3,76673.0,2024-03-07
9782,48,79,6,377036.95,2023-01-04
9784,2,13,9,66237.8,2024-05-07
9785,37,50,15,160683.0,2023-01-05
9786,8,50,14,149970.8,2023-05-01
9787,11,105,4,1238.0,2023-06-10
9792,41,12,8,21809.0,2023-05-01
9794,40,124,11,39395.55,2024-05-01
9796,21,110,13,30819.9,2024-03-12
9807,8,142,7,5495.75,2023-09-01
9813,32,121,5,18471.0,2024-06-01
9816,43,82,12,588627.6,2023-04-02
9817,38,73,5,715800.0,2024-09-08
9824,42,50,15,169140.0,2023-03-07
9827,20,117,8,32824.0,2023-05-05
9834,1,98,1,79361.0,2024-06-01
9841,41,52,3,41112.0,2024-02-06
9842,47,55,7,731414.5,2024-08-03
9846,4,49,14,176415.0,2023-04-11
9849,10,70,1,34355.0,2024-07-05
9850,24,133,5,9464.0,2024-12-08
9861,1,138,9,37647.0,2024-04-08
9864,49,71,10,1236653.95,2024-11-02
9869,21,36,12,271217.0,2023-01-05
9875,22,30,2,61271.2,2024-03-09
9878,1,127,7,10845.0,2024-11-06
9881,48,42,12,68318.3,2024-07-05
9893,31,120,7,20777.45,2023-04-11
9900,47,46,10,47346.1,2024-04-11
9902,22,122,10,12563.75,2024-02-12
9903,32,148,6,27277.35,2024-04-07
9910,36,136,9,16873.9,2024-09-03
9912,24,129,11,34131.6,2024-03-07
9915,49,85,12,439796.8,2024-03-04
9916,17,89,9,672696.9,2023-04-12
9919,45,133,13,23374.75,2024-05-12
9924,45,74,1,86559.0,2024-10-01
9931,8,76,8,1185586.0,2024-04-08
9935,38,4,11,37201.0,2023-10-03
9942,36,46,3,14951.0,2024-04-01
9949,15,103,14,23796.55,2023-10-12
9951,25,50,10,112760.0,2024-04-08
9958,2,144,12,25241.5,2024-12-09
9975,16,8,15,71023.9,2023-03-01
9976,38,103,14,23796.55,2023-04-08
9980,45,39,13,385227.0,2024-11-07
9985,13,109,8,4982.0,2023-11-12
9990,39,75,5,163842.0,2024-09-11
9991,14,64,12,1271163.65,2024-10-09
